customer_name,customer_category,revenue
"Tailspin Toys (Inguadona, MN)",Novelty Shop,381585.35
"Tailspin Toys (Minidoka, ID)",Novelty Shop,371822.30
Mauno Laurila,Novelty Shop,369058.30
"Wingtip Toys (Sarversville, PA)",Novelty Shop,365427.00
Nasrin Omidzadeh,Supermarket,361939.75
"Tailspin Toys (Long Meadow, MD)",Novelty Shop,360901.50
Ingrida Zeltina,Supermarket,359859.45
"Wingtip Toys (San Jacinto, CA)",Novelty Shop,355293.35
Laszlo Gardenier,Gift Store,354680.80
Camille Authier,Gift Store,353499.15
Dinh Mai,Computer Store,353177.75
"Wingtip Toys (Cuyamungue, NM)",Novelty Shop,353046.95
"Wingtip Toys (Morrison Bluff, AR)",Novelty Shop,352287.20
"Wingtip Toys (Grabill, IN)",Novelty Shop,351138.65
"Wingtip Toys (West Frostproof, FL)",Novelty Shop,346621.45
Daniel Martensson,Novelty Shop,346062.20
Satish Mittal,Corporate,345839.10
Amarasimha Vinjamuri,Supermarket,344208.65
"Tailspin Toys (Fieldbrook, CA)",Novelty Shop,344005.05
"Wingtip Toys (Wapinitia, OR)",Novelty Shop,343236.10
